run,time,timesteps,X:VCD,X:Glc,X:Lac,X:Titer,W:Feed
0,0,0.0,0.55,45.0,0.0,0.0,0.0
0,1,1.0,1.725243590706548,44.00818832110499,1.4893890276355155,0.05463193598422201,0.0
0,2,2.0,4.77955768871642,41.08986245454785,5.872388970502604,1.3115387867442034,12.5
0,3,3.0,10.28152224623727,46.51897630884369,16.49068439980738,15.72200409055631,12.5
0,4,4.0,15.84360482174021,46.34273532657476,35.52532878037961,85.31615382746979,12.5
0,5,5.0,18.448543224616596,42.118516285137524,60.63993867519658,243.66667994275696,12.5
0,6,6.0,17.94928766957255,36.970200286908124,87.1459579131848,465.22908431114115,12.5
0,7,7.0,15.678094822863978,33.265126637388214,111.48835007789263,701.4404080272553,12.5
0,8,8.0,12.817299554361453,32.09532352894504,132.02463294888202,918.1979362623189,12.5
0,9,9.0,10.043513263972885,33.66169482914947,148.4502155468556,1100.6972390183034,12.5
0,10,10.0,7.643633957471166,37.71848008183093,161.13292010183943,1246.4598540397467,0.0
0,11,11.0,5.715288807301669,31.35484536629154,170.69268862017503,1358.6330279564133,0.0
0,12,12.0,4.230931772555115,26.620986100178015,177.80575282147367,1442.9918308418862,0.0
0,13,13.0,3.107418059294494,23.131285425571622,183.05084233789108,1505.5695636514438,0.0
0,14,14.0,2.268569055836125,20.576630455239176,186.89160199384173,1551.5323232205662,0.0
1,0,0.0,0.9273634598576322,65.2724022719798,0.0,0.0,0.0
1,1,1.0,2.8665674181836183,63.606761050782055,2.5004005483700245,0.14021895428437542,0.0
1,2,2.0,7.281175862091755,58.96086371874828,9.475155860920577,3.97733837736491,17.89492066185413
1,3,3.0,13.182569809070229,67.0030203509934,24.265912448066164,37.05640578023681,17.89492066185413
1,4,4.0,16.457627389020303,70.34389580599664,46.11280339729816,143.23988316974146,17.89492066185413
1,5,5.0,15.698689579910853,72.5411746421876,69.67576334654218,312.9111197212492,17.89492066185413
1,6,6.0,12.525351486472339,76.7814851742445,90.17146063836842,492.566121333104,17.89492066185413
1,7,7.0,8.650047157127785,84.51710343755911,105.41993376167119,640.5834017380905,17.89492066185413
1,8,8.0,5.268969416102994,95.80885243919882,115.33023622939318,742.159436382991,17.89492066185413
1,9,9.0,2.9586731210740687,109.84483497664759,121.1214860243811,803.2637540663005,17.89492066185413
1,10,10.0,1.6029264776750323,125.6134828388973,124.31226232733752,837.4514538819155,17.89492066185413
1,11,11.0,0.8569727021994993,142.36445494438107,126.02883078651526,855.9949271453469,17.89492066185413
1,12,12.0,0.4557694771717591,159.6487545178383,126.94407608137504,865.9259981616574,0.0
1,13,13.0,0.24182680716139882,159.32565351306724,127.43024572639091,871.2134923092138,0.0
1,14,14.0,0.1281526991579632,159.15383447834125,127.68805519846077,874.0204657816189,0.0
2,0,0.0,0.9929590236053089,18.356598308035608,0.0,0.0,0.0
2,1,1.0,2.9371251698523992,16.62267141317101,2.6085094723836075,0.3774113558609623,9.0554999557073
2,2,2.0,7.252332197820836,21.013716307559495,9.62326795034674,5.375575131446002,9.0554999557073
2,3,3.0,13.25657691485404,20.26282203327913,24.367748203864377,40.975575988364014,9.0554999557073
2,4,4.0,17.57524773342741,14.30260618005193,46.95636729323927,154.6450535056924,9.0554999557073
2,5,5.0,18.278243381564018,5.94878252676372,73.20719020948339,346.38521601831417,9.0554999557073
2,6,6.0,14.941155370180299,0.08362238054206131,97.77652969188799,499.43634375501784,9.0554999557073
2,7,7.0,10.284401613697291,0.31457019521673524,115.70998167286196,536.7741352274703,9.0554999557073
2,8,8.0,7.426642910974299,1.6004730257114093,128.27586733056043,609.6088938950883,9.0554999557073
2,9,9.0,5.64289201514573,4.551577069289679,137.6061608688379,694.5209018441581,0.0
2,10,10.0,4.1136816362480255,0.0640380320991687,144.65749646742967,751.0505912341431,0.0
2,11,11.0,2.6286201514569085,5.15571583411833e-09,149.4344932240314,751.1758514189825,0.0
2,12,12.0,1.6743271119939547,8.958017142090944e-09,152.4817241498235,751.1758514178337,0.0
2,13,13.0,1.0645636994602823,-1.2886802824316984e-08,154.42092723226395,751.1758514468308,0.0
2,14,14.0,0.6761080910686983,-8.979879840595743e-09,155.65320779200977,751.1758514421326,0.0
3,0,0.0,0.587644990927133,60.10300546288055,0.0,0.0,0.0
3,1,1.0,1.8494598456134834,59.04026670517617,1.5954461484820208,0.051065160379310574,0.0
3,2,2.0,5.083897311498054,55.92105091885536,6.278340739257843,1.4358323897156975,0.0
3,3,3.0,10.705295723926541,48.48361270573719,17.445201686813608,17.62514286326219,0.0
3,4,4.0,16.196423999932605,35.42715533705073,37.05343270347732,92.95371198297319,5.842031682027242
3,5,5.0,18.661885791029214,24.279048807667778,62.58118622766474,258.3967928203266,5.842031682027242
3,6,6.0,17.948866900520166,12.389458441050326,89.25396609565719,482.8642703149792,5.842031682027242
3,7,7.0,15.198108734249915,2.322621743427244,113.31873338330851,704.1383215234887,5.842031682027242
3,8,8.0,10.36824479791559,0.06911757869442456,131.76814021114654,755.000474488398,5.842031682027242
3,9,9.0,6.836665730729626,0.2452359104713922,143.96466160649373,776.4950801511078,5.842031682027242
3,10,10.0,4.692027934763642,1.1589186257504427,152.12705872182818,818.2187228139796,0.0
3,11,11.0,3.0385370651824517,1.7026347834334108e-08,157.65199435403989,827.5819040272345,0.0
3,12,12.0,1.923785725564418,1.497740295859774e-08,161.1646549132798,827.581904467989,0.0
3,13,13.0,1.2156864568309074,-2.925906770229679e-08,163.38650023036215,827.5819036859209,0.0
3,14,14.0,0.7673216656346515,-1.0160974785116608e-08,164.78969584898826,827.5819037691926,0.0
4,0,0.0,0.5682171109955864,14.649901190991809,0.0,0.0,0.0
4,1,1.0,1.693022632490975,13.658193664922536,1.4928183503997543,0.1864491218356238,0.0
4,2,2.0,4.453841935534584,10.887253143564733,5.666255086065381,2.1793193935021398,18.7710445194608
4,3,3.0,9.474667185016074,23.15606352949991,15.447458877001207,16.123383498183152,18.7710445194608
4,4,4.0,15.011453261853342,30.09657812251729,33.22588679848978,78.07415292047912,18.7710445194608
4,5,5.0,18.036481777546257,32.7619427593276,57.42251909580008,224.3357003727546,18.7710445194608
4,6,6.0,17.930203864051485,34.081237408375586,83.63932433689216,437.56895048010534,18.7710445194608
4,7,7.0,15.854199811995537,36.55622215734933,108.11822299503055,671.3379324715478,18.7710445194608
4,8,8.0,13.017606407691819,41.46172758572823,128.943349504409,889.4127772833019,0.0
4,9,9.0,10.241969001262765,30.340477674925257,145.64878364424533,1073.9301867030151,0.0
4,10,10.0,7.856821807994117,21.704039913817653,158.62856418056887,1221.3495939965503,0.0
4,11,11.0,5.90745544648678,15.149881374682083,168.4867649598047,1334.6870930947903,0.0
4,12,12.0,4.3707900213308974,10.26672090891096,175.84068701088512,1419.1417587935814,0.0
4,13,13.0,3.188182197525779,6.685466829969354,181.2447411004101,1480.2363814899102,0.0
4,14,14.0,2.291724876398404,4.099784954119706,185.15993945286507,1522.8997320976966,0.0
5,0,0.0,0.6130098786449354,48.78380434554122,0.0,0.0,0.0
5,1,1.0,1.919832602938015,47.67854739614612,1.6596041868382787,0.06452724243865854,0.0
5,2,2.0,5.244797749279742,44.45257768612048,6.503813148836929,1.6489611204223698,0.0
5,3,3.0,10.955054995857525,36.814980714156825,17.97434746798412,19.296522785747822,0.0
5,4,4.0,16.383748337266926,23.537852114255188,37.92384157450288,98.6021762628938,16.384724836968218
5,5,5.0,18.67985674633055,22.84590900454391,63.59372662693039,267.4758150848358,16.384724836968218
5,6,6.0,17.926322500505968,21.50760745797176,90.23837999565312,494.1213893613209,16.384724836968218
5,7,7.0,15.509087724615261,21.802744557168783,114.42900186148367,730.222638802506,16.384724836968218
5,8,8.0,12.6012972214494,24.71722071928457,134.6784007976327,944.3884498250751,16.384724836968218
5,9,9.0,9.837949616821335,30.376447656120707,150.79631495545098,1123.9050034088834,0.0
5,10,10.0,7.483353713892228,22.11597879042135,163.21139639275324,1266.3332789370772,0.0
5,11,11.0,5.590470781660731,15.892927543089801,172.5707553389534,1374.870872244339,0.0
5,12,12.0,4.116982064264015,11.281504683542824,179.51359285918952,1455.3590219592054,0.0
5,13,13.0,2.995297234320938,7.910608862087084,184.59655854249706,1513.6389381710087,0.0
5,14,14.0,2.1546933288747088,5.476801289230799,188.27484611667415,1554.845273633612,0.0
6,0,0.0,0.746964967374141,31.822796635556728,0.0,0.0,0.0
6,1,1.0,2.295426173265182,30.490160343557434,2.0021628572770083,0.13480008936643192,0.0
6,2,2.0,6.028813496304117,26.715024042143927,7.67478066970836,2.802747510911093,0.0
6,3,3.0,11.851770669383212,18.22609083784287,20.436858501546237,27.476432353321535,0.0
6,4,4.0,16.4364282422533,4.43703224610765,41.22645396638249,121.71954699127711,7.584091245433221
6,5,5.0,14.322169556738176,0.06075866419106,64.41563788221112,204.5942605452664,7.584091245433221
6,6,6.0,10.319875371488372,0.1485359867654844,82.02401732691786,228.00085600215124,7.584091245433221
6,7,7.0,7.541826383096716,0.6057283007768195,94.72946226012459,270.276958566072,7.584091245433221
6,8,8.0,5.87056335705687,2.0993862020979432,104.28770685523997,335.1682602439872,0.0
6,9,9.0,4.094940543259825,-9.588170089134132e-09,111.5155674015344,355.20656127283206,0.0
6,10,10.0,2.697600129722131,-1.1359500690468725e-09,116.33847769560401,355.2065617537037,0.0
6,11,11.0,1.7694436854638864,5.107715144984438e-08,119.50887299065508,355.2065615939592,0.0
6,12,12.0,1.1574966175517098,-1.8803263954012498e-08,121.58556440058248,355.20656133544486,0.0
6,13,13.0,0.7558827627669893,-7.308200834309616e-08,122.94285360524788,355.20656145782294,0.0
6,14,14.0,0.4930685222525856,1.366397145677866e-09,123.82871722130658,355.20656134154996,0.0
7,0,0.0,0.5084398951965245,79.1250822538086,0.0,0.0,0.0
7,1,1.0,1.6102448644363085,78.20224314880629,1.385138526960181,0.031038056726974014,0.0
7,2,2.0,4.472976138688679,75.47014360550568,5.485954932466328,0.9621965323996587,0.0
7,3,3.0,9.537812381224102,68.87870574660757,15.379965974936074,12.78590613483351,0.0
7,4,4.0,14.700761031438292,57.139067079828,33.00348616163336,72.16453948327988,11.711427179681014
7,5,5.0,17.322720628133467,53.23029475761435,56.454533412668326,211.977111441077,11.711427179681014
7,6,6.0,17.03688990086229,48.27649311074333,81.47703178362605,413.2079563575299,11.711427179681014
7,7,7.0,15.042135971438185,44.51939134040912,104.7049091297708,632.5578923119089,11.711427179681014
7,8,8.0,12.41504068205652,43.04759386027883,124.50242789544923,837.4028897968028,11.711427179681014
7,9,9.0,9.793654403363373,44.12703537398894,140.46859886530643,1012.0416289231856,0.0
7,10,10.0,7.5340740312287595,35.85762642768797,152.88838162871423,1152.5907870081626,0.0
7,11,11.0,5.715654265915292,29.5407170796965,162.37827974966217,1262.1212346247187,0.0
7,12,12.0,4.2854541652017675,24.777848898206766,169.53576894634224,1345.699394568026,0.0
7,13,13.0,3.183889815507383,21.224091429278047,174.87801616571784,1408.482165567888,0.0
7,14,14.0,2.349056148959263,18.593837955370663,178.83331933830345,1455.1092207861122,0.0
8,0,0.0,0.9070951872908128,39.02685876980707,0.0,0.0,0.0
8,1,1.0,2.782070778706101,37.40727759837178,2.4325506205850984,0.17480765418998936,0.0
8,2,2.0,7.099909332034563,32.893864908814095,9.212313093946314,4.090655321338071,0.0
8,3,3.0,13.237836930357432,23.171982988432383,23.821411726784053,37.432376289256744,0.0
8,4,4.0,17.591157061097906,8.135157253362273,46.45527566687829,150.23647514986732,10.84879580925163
8,5,5.0,17.7243261962391,1.880178388581309,72.41283088200507,333.4585189461212,10.84879580925163
8,6,6.0,13.2291448509335,0.23691679617681755,94.94134591635375,413.7721320357653,10.84879580925163
8,7,7.0,9.720620562326545,1.250962696195716,111.24176078102349,493.72527347397613,10.84879580925163
8,8,8.0,7.560022471751058,4.054726665753315,123.58531296856539,598.7358545383206,10.84879580925163
8,9,9.0,5.95688034222549,8.500916624690431,133.27200573324404,695.5977457159904,0.0
8,10,10.0,4.604376619307651,3.487668413757095,140.85881717516162,772.7202505775105,0.0
8,11,11.0,3.2867303824471406,0.005749441725130714,146.56242868636963,813.6244338551035,0.0
8,12,12.0,2.0974466243060035,-1.8730333826832323e-08,150.37608193382724,813.6320033780717,0.0
8,13,13.0,1.3353832867214952,1.405156936750142e-09,152.8069550415111,813.632003961141,0.0
8,14,14.0,0.8489845954533389,1.67360381807155e-08,154.35350810303694,813.6320039071961,0.0
9,0,0.0,0.7662124262006886,69.80594780921153,0.0,0.0,0.0
9,1,1.0,2.389916145063719,68.42436240924377,2.073877371550734,0.08638304539240088,0.0
9,2,2.0,6.268028087251504,64.48658581471102,7.9849876420054855,2.562943443170866,0.0
9,3,3.0,12.142654275234108,55.719824940690486,21.146088044336583,27.19712346060033,0.0
9,4,4.0,17.02091210052914,41.528012736461946,42.455868789920125,121.93139757802835,14.605830768066376
9,5,5.0,18.660481027555775,38.752806567271726,68.55927401696037,304.42388869885065,14.605830768066376
9,6,6.0,17.484952651465402,35.86458802319772,94.83560941630849,536.3438708504297,14.605830768066376
9,7,7.0,14.908124934934364,34.8822235115178,118.25113797947728,770.7222878412169,14.605830768066376
9,8,8.0,11.984978612584822,36.598060903869914,137.6133848103954,979.2193556662826,14.605830768066376
9,9,9.0,9.258947394788205,41.04728786473019,152.8680926462736,1151.190324693366,14.605830768066376
9,10,10.0,6.923704574525759,47.92741966178749,164.46979597889327,1286.0250209086646,14.605830768066376
9,11,11.0,4.979531611192522,56.853589060972126,172.99750119272954,1387.2171061610059,14.605830768066376
9,12,12.0,3.344373539434614,67.48862701472702,178.95849996148985,1458.9634469694113,0.0
9,13,13.0,2.155901090892277,64.89677321204714,182.8501125565027,1506.205601235499,0.0
9,14,14.0,1.4104616108885029,63.213011513622675,185.37772668605513,1537.029388627531,0.0
10,0,0.0,0.145764646719647,29.888684588747942,0.0,0.0,0.0
10,1,1.0,0.4617052532551719,29.62561751187774,0.39526365568857624,0.009699815206332106,0.0
10,2,2.0,1.4096163097006433,28.80770702345824,1.6242308351253352,0.09435889085553488,16.00900423870438
10,3,3.0,3.918699241041084,42.43618056289489,5.1994347482605034,1.0404201241247304,16.00900423870438
10,4,4.0,8.80196917284405,52.51887861384679,14.098083306891539,10.866619779773199,16.00900423870438
10,5,5.0,14.298200054873405,57.34977419555657,30.88034168427162,63.31835436958834,16.00900423870438
10,6,6.0,17.136528256548402,57.99919477922056,53.93960929001797,195.03819271489223,16.00900423870438
10,7,7.0,16.741000991331802,57.547533741635455,78.65198832143126,389.16130494989073,16.00900423870438
10,8,8.0,14.420768777256253,58.5139453451062,101.23538601301992,599.2430821439648,16.00900423870438
10,9,9.0,11.368002330062236,62.12903134405776,119.84175903659569,789.4976633463779,16.00900423870438
10,10,10.0,8.227313199755631,68.7470518134365,133.93823901518192,941.8961206641826,0.0
10,11,11.0,5.77908487479686,62.11714898939546,143.89040502274995,1053.0962902481626,0.0
10,12,12.0,4.160970928780837,57.39871455199392,150.97398167898984,1133.7999038908265,0.0
10,13,13.0,3.029963230545593,53.98087130559294,156.10535096339962,1192.9984175773384,0.0
10,14,14.0,2.2174972723279414,51.48538970014431,159.85212325241073,1236.588298760657,0.0
11,0,0.0,0.6717230695804736,65.77673371135046,0.0,0.0,0.0
11,1,1.0,2.1059534450254622,64.56332992735152,1.82150214529858,0.06549790274326722,0.0
11,2,2.0,5.661502959486592,61.05029864410463,7.095245209027796,1.9202658561394481,0.0
11,3,3.0,11.440231434151777,52.94910800952764,19.25777833464424,22.021093960691335,14.383386230873809
11,4,4.0,16.49392415178395,53.72367016616111,39.68951581864004,106.38440504221356,14.383386230873809
11,5,5.0,18.214187870267295,51.18359501841014,65.09885727292695,276.9414119778547,14.383386230873809
11,6,6.0,17.087355091946513,48.470648727313964,90.76913622772416,498.2867766257587,14.383386230873809
11,7,7.0,14.544351915525265,47.62329274042984,113.63912106555532,723.8390066322609,14.383386230873809
11,8,8.0,11.621440262973968,49.457044253957974,132.48307383039943,924.6030494442288,14.383386230873809
11,9,9.0,8.841321154047641,54.05003088679807,147.18296053367212,1088.820761073781,14.383386230873809
11,10,10.0,6.381801583426013,61.1599089476509,158.1027691143547,1214.5878102698707,14.383386230873809
11,11,11.0,4.257445456653097,70.4667143472163,165.7229355733359,1304.1181621964286,0.0
11,12,12.0,2.729301726390318,67.17662299196947,170.66155333348794,1362.8448458060177,0.0
11,13,13.0,1.7848671855650498,65.04608988215456,173.85977024289477,1401.1302851021296,0.0
11,14,14.0,1.1810838044737582,63.6444702732387,175.9638333941572,1426.4226736351352,0.0
12,0,0.0,0.6198573233825484,41.59630053705828,0.0,0.0,0.0
12,1,1.0,1.9332944982734226,40.48161989189792,1.674058208619826,0.07441717747812084,0.0
12,2,2.0,5.2603293102532875,37.241372691023116,6.540686092166952,1.748838081234136,0.0
12,3,3.0,10.946067156812765,29.599371139489794,18.0209392837131,19.80204897844661,17.65749951615139
12,4,4.0,16.36905709672804,33.99685045355333,37.9414120606592,98.95378024715946,17.65749951615139
12,5,5.0,18.70419223493858,34.55863783080572,63.62217804985403,267.6859556254779,17.65749951615139
12,6,6.0,17.958307488499877,34.4495131357024,90.31080181958579,495.7042882273445,17.65749951615139
12,7,7.0,15.519307779852054,35.98019162789182,114.53559645331345,734.0447934227161,17.65749951615139
12,8,8.0,12.553749129299348,40.170648276277426,134.76293363526426,949.9415649216628,17.65749951615139
12,9,9.0,9.682824399128867,47.187538688451426,150.74231840324367,1129.3343701586446,17.65749951615139
12,10,10.0,7.11468047092662,56.814754603477056,162.79877446299872,1269.2073353450833,0.0
12,11,11.0,5.1012119584706515,51.01525518773616,171.50577434445958,1372.2841514962108,0.0
12,12,12.0,3.681440128928663,46.84182157768409,177.77232588782206,1447.3365021588959,0.0
12,13,13.0,2.660110855994082,43.82771653762446,182.29847170016245,1501.9553713587645,0.0
12,14,14.0,1.9212467830016868,41.65027245833474,185.56845971196884,1541.6145205364082,0.0
13,0,0.0,0.1604453171066731,45.130478399507474,0.0,0.0,0.0
13,1,1.0,0.5142874056333023,44.83864081659938,0.4382429395660053,0.00605834306230187,0.0
13,2,2.0,1.5820110359149973,43.92244569073001,1.8140839904474904,0.08291760321564429,0.0
13,3,3.0,4.35062837495223,41.26155383776012,5.8101088451352485,1.2765200059351196,0.0
13,4,4.0,9.477633640135087,34.791931502749925,15.527432429906705,13.85611560480599,6.332993972645165
13,5,5.0,15.039735891810034,29.26891421792228,33.338895678647354,75.69068674133268,6.332993972645165
13,6,6.0,18.00840246414791,19.49776940481539,57.545129859808455,222.5243508864074,6.332993972645165
13,7,7.0,17.72125487724397,8.515787501962148,83.61565390327134,432.4336484887765,6.332993972645165
13,8,8.0,14.499550597200113,0.04149862196714631,107.31086306516123,608.1028432436827,6.332993972645165
13,9,9.0,9.66998258416653,0.10141631816899357,124.49053058914276,624.5352488836986,6.332993972645165
13,10,10.0,6.5141972248091005,0.4365110035375782,135.96240154876608,654.534143330409,6.332993972645165
13,11,11.0,4.633739092282359,1.7969504128125162,143.8712790418502,706.5254787571843,0.0
13,12,12.0,3.082576707190174,-7.66894883163041e-09,149.42566887530046,723.7306140004318,0.0
13,13,13.0,1.9630865884570077,2.3940050903167757e-08,152.99891513519862,723.7306139619096,0.0
13,14,14.0,1.2475303222947918,5.5567100675604116e-09,155.27209013476502,723.7306139848381,0.0
14,0,0.0,0.9770715928862496,58.512070871753934,0.0,0.0,0.0
14,1,1.0,3.010063130212583,56.760376914215186,2.629820530549131,0.16657631911393064,0.0
14,2,2.0,7.592570615649892,51.90021370465625,9.92677901461776,4.536909043087115,0.0
14,3,3.0,13.844148230740846,41.62309647133256,25.359100186174256,41.39399251811431,12.935192531287534
14,4,4.0,18.21194139945907,38.91772636240362,48.84853981529681,161.61466970644312,12.935192531287534
14,5,5.0,19.024572855093368,33.739587350514974,76.05595020420353,367.1128687756837,12.935192531287534
14,6,6.0,17.287226852673623,29.132055560407423,102.41210602704416,609.9529717544602,12.935192531287534
14,7,7.0,14.450888116528821,26.81944527332977,125.32499752897688,844.8820697345138,12.935192531287534
14,8,8.0,11.474105773459755,27.346799773151297,143.9714345161111,1048.3946607928021,12.935192531287534
14,9,9.0,8.81349329980031,30.59509652723936,158.52712950495876,1213.7951628232167,12.935192531287534
14,10,10.0,6.613705879797251,36.174029109845435,169.57796602650112,1342.9274037278074,0.0
14,11,11.0,4.891053571068754,30.697507313402998,177.8050312354984,1440.699071756348,0.0
14,12,12.0,3.5881405446859915,26.66438000350491,183.86528623341945,1513.3007955875223,0.0
14,13,13.0,2.615816495198283,23.7155224738785,188.29736233601176,1566.6377540725462,0.0
14,14,14.0,1.897950072374666,21.571307244936797,191.52079254737163,1605.5222482116435,0.0
15,0,0.0,0.8234808543186755,71.27775590417578,0.0,0.0,0.0
15,1,1.0,2.560200877128953,69.79472482547924,2.2261235586500225,0.10154155064491584,0.0
15,2,2.0,6.619455475649569,65.6066437145351,8.512928385983038,3.003053419774423,12.640939226806148
15,3,3.0,12.32920407884536,69.15567135856429,22.159924388258702,30.09992524183706,12.640939226806148
15,4,4.0,16.02901756803098,67.91370398723515,42.9994175594276,124.49106104205481,12.640939226806148
15,5,5.0,16.28825160924633,64.8161711895182,66.62491121653422,288.31488401223305,12.640939226806148
15,6,6.0,14.391964786670602,62.63188993789477,88.88022816889858,480.31354108063476,12.640939226806148
15,7,7.0,11.662840142318231,62.746789829838136,107.68432620398261,662.9522810887175,12.640939226806148
15,8,8.0,8.826255533371924,65.56908177671947,122.42382935058168,816.2892143481847,12.640939226806148
15,9,9.0,6.209789322888336,71.02309025621196,133.2121647743682,933.296207850555,12.640939226806148
15,10,10.0,3.982763819760757,78.81218200103952,140.49472474524242,1014.331095065376,0.0
15,11,11.0,2.45140263105272,75.79093328513403,145.03022752756138,1065.5628547024567,0.0
15,12,12.0,1.5361895412147963,73.91447605908508,147.8467936092991,1097.6453082157327,0.0
15,13,13.0,0.9739231739652318,72.7317664595303,149.62206777787733,1117.9684421909828,0.0
15,14,14.0,0.6220377775581203,71.97917451432657,150.75173581224922,1130.940772449065,0.0
16,0,0.0,0.2684790525973356,13.371541529784729,0.0,0.0,0.0
16,1,1.0,0.807593507256364,12.901955257941845,0.7070606519398274,0.07328422707301621,0.0
16,2,2.0,2.2786354820492702,11.534833965595821,2.766143173419392,0.5869848155590248,0.0
16,3,3.0,5.494277325061736,7.979909082850521,8.126183967607835,5.038532282534793,11.193353011385083
16,4,4.0,10.40054939845232,11.669494278585338,19.43643804058322,29.193196540603452,11.193353011385083
16,5,5.0,14.91173477587275,10.614249273623333,37.88948802150654,107.87040344686999,11.193353011385083
16,6,6.0,16.700790864115575,6.469035369311884,61.0331895708734,258.07831238442003,11.193353011385083
16,7,7.0,15.500126034363468,2.1899747405270147,84.54225410756874,440.44357995689916,11.193353011385083
16,8,8.0,12.11894594276016,0.6768880676751075,104.57448382191674,569.7381834020765,11.193353011385083
16,9,9.0,9.16188161261067,2.2056624964573945,119.74093708922035,675.3769204760848,11.193353011385083
16,10,10.0,7.142641231295577,5.73135936879072,131.407837692486,784.7384048149081,0.0
16,11,11.0,5.288344333700483,0.017889629832832883,140.41097491509586,858.7687330627126,0.0
16,12,12.0,3.3878238267470744,3.417000980863658e-08,146.5591909003169,858.794763157196,0.0
16,13,13.0,2.1618075156306826,1.3696899260766476e-09,150.4900717604251,858.794763200643,0.0
16,14,14.0,1.376207598427506,-2.327750318646077e-09,152.9953972493294,858.7947632054835,0.0
17,0,0.0,0.9596819214793102,67.76861079877806,0.0,0.0,0.0
17,1,1.0,2.961349137810665,66.04591267680358,2.586068152474591,0.1497991253324593,5.081582480750392
17,2,2.0,7.435610431888902,66.3527089184565,9.752931348128431,4.229992137032174,5.081582480750392
17,3,3.0,13.335619177040364,61.45106409788356,24.739450946797945,38.636073632967886,5.081582480750392
17,4,4.0,17.366234413481628,51.564636462394944,47.21134494675516,150.19890092768196,5.081582480750392
17,5,5.0,18.26799626245652,39.32623046767822,73.22007331752242,342.211164218913,5.081582480750392
17,6,6.0,16.815445594060424,27.45479767844095,98.68812618580986,572.6922136260653,5.081582480750392
17,7,7.0,14.208626935229967,17.628394928961114,121.10067926549881,798.198905632161,5.081582480750392
17,8,8.0,11.337238716431617,10.495799922057781,139.48901580567775,992.7230849195128,5.081582480750392
17,9,9.0,8.676066610874537,6.058375356409593,153.85722166910688,1146.0662126485188,5.081582480750392
17,10,10.0,6.427522179827402,4.0014264169922615,164.6758980590282,1258.7758173870766,5.081582480750392
17,11,11.0,4.667405987160498,3.8659658605445752,172.60451773358713,1339.8545381622228,0.0
17,12,12.0,3.2490398999061103,0.21907781049647432,178.2902430066352,1387.4931738431924,0.0
17,13,13.0,2.034213312925466,9.855988101703718e-09,182.02997896790785,1388.2403741342528,0.0
17,14,14.0,1.2692676963172984,-4.615615270147956e-09,184.36562876974887,1388.2403747024448,0.0
18,0,0.0,0.289867376955204,26.41449669458115,0.0,0.0,0.0
18,1,1.0,0.9063677556615203,25.894802245100028,0.7812458221243234,0.030963442028980877,11.902930219370838
18,2,2.0,2.6636471354067583,36.22282790243242,3.14735254129896,0.34964241535534407,11.902930219370838
18,3,3.0,6.665798574808142,43.86109698812202,9.552179750762193,4.3759129321023025,11.902930219370838
18,4,4.0,12.482991550606268,46.623540200161855,23.277864994569764,34.51564950042705,11.902930219370838
18,5,5.0,17.00585115807698,44.159603090548046,44.851753889696376,136.83626208966461,11.902930219370838
18,6,6.0,18.30202592779235,38.87894994436067,70.6581588310527,322.19264547562545,11.902930219370838
18,7,7.0,17.01622977256278,33.70113061074357,96.3147158295174,551.1736994472054,11.902930219370838
18,8,8.0,14.475532112930741,30.457671800601364,119.0699202524891,779.6904658485732,11.902930219370838
18,9,9.0,11.649789584522814,29.844643001900216,137.87521708370528,981.9440714529418,11.902930219370838
18,10,10.0,9.044079741943753,31.85918587449976,152.73197342648328,1148.8007620415215,0.0
18,11,11.0,6.861656507752153,24.275242584253053,164.1285112340599,1280.117611883039,0.0
18,12,12.0,5.1249441484661045,18.569050218205213,172.70789695501435,1380.088188012876,0.0
18,13,13.0,3.7814989864223283,14.33572393531725,179.0772920303345,1454.5389021374453,0.0
18,14,14.0,2.7634602097784517,11.229608074310129,183.75478085555466,1509.0478137303978,0.0
19,0,0.0,0.6441741458431285,54.72212947829343,0.0,0.0,0.0
19,1,1.0,2.0183679916610147,53.55975704643059,1.7451689138857849,0.0664973222070639,0.0
19,2,2.0,5.477058233094285,50.17858378328177,6.821954949437735,1.80585277107746,9.873990341290984
19,3,3.0,11.249600885313878,52.142128929799526,18.69880627458326,20.745411870931644,9.873990341290984
19,4,4.0,16.47466621044768,48.529566564472276,38.948616907346526,102.6382189503632,9.873990341290984
19,5,5.0,18.54271829819181,41.33914552294214,64.57371752023812,273.17274327134396,9.873990341290984
19,6,6.0,17.70474274730409,33.65738441806807,90.94261889792207,499.8304884697716,9.873990341290984
19,7,7.0,15.299866052008134,27.64113498005828,114.81714365176529,734.7397837741325,9.873990341290984
19,8,8.0,12.427135814434415,24.22577448952491,134.7899159122465,946.6390828222947,9.873990341290984
19,9,9.0,9.70339446227164,23.52559134348931,150.68461039187343,1123.1159738419387,0.0
19,10,10.0,7.378006435586209,15.383180556900374,162.93024161935463,1262.3712666755832,0.0
19,11,11.0,5.492771567794932,9.264954062569151,172.14561083741685,1367.20143270331,0.0
19,12,12.0,4.007212042856343,4.767377696366381,178.94181567790235,1442.3937724635452,0.0
19,13,13.0,2.838840522063658,1.558258196147659,183.83939457032056,1491.0095192998085,0.0
19,14,14.0,1.851073484852169,1.696822605116661e-06,187.2011834800792,1505.5979457433998,0.0
20,0,0.0,0.8116704089442072,36.543267809578126,0.0,0.0,0.0
20,1,1.0,2.4970067391913924,35.092969803743195,2.178484222619297,0.14396800515619654,0.0
20,2,2.0,6.4913304618407155,31.00497932602564,8.319760071169547,3.2552750185961603,16.67564277402093
20,3,3.0,12.55439995446402,38.61691589297943,21.93391846986365,30.769917001072546,16.67564277402093
20,4,4.0,17.448400712033955,40.673636178073224,43.889653626312814,131.86190255050556,16.67564277402093
20,5,5.0,18.885998937495852,39.65093124070402,70.47013977276936,321.4515849989298,16.67564277402093
20,6,6.0,17.512435383290878,38.714023256407465,96.92277171706381,557.9680894557617,16.67564277402093
20,7,7.0,14.794849565209853,39.844936799017596,120.26972685821626,793.8636903106611,16.67564277402093
20,8,8.0,11.771974266849009,43.78618002353129,139.39435789057333,1001.3754649768817,16.67564277402093
20,9,9.0,8.944346590313419,50.55361871277256,154.2725732237352,1170.1656837274718,16.67564277402093
20,10,10.0,6.449084741953517,59.873207349915994,165.31675323134357,1299.1543245308837,16.67564277402093
20,11,11.0,4.251012710324424,71.43930250279561,172.98697796077846,1390.4650812193229,16.67564277402093
20,12,12.0,2.4239905280239222,84.9531532114081,177.7326880357861,1447.6504239544158,0.0
20,13,13.0,1.2878223412404108,83.23198542796175,180.3169985052617,1478.9975038965226,0.0
20,14,14.0,0.690514278422536,82.31305490617608,181.69622719279795,1495.7771428331052,0.0
21,0,0.0,0.6905502247975707,11.670621258110511,0.0,0.0,0.0
21,1,1.0,2.006317744168717,10.482671522183871,1.7899759621433156,0.3338125550607551,0.0
21,2,2.0,5.021633422589191,7.288105618689516,6.609086120611914,3.640215352396553,0.0
21,3,3.0,8.900193814010551,0.592654345729896,16.840497086835768,29.07976606006909,7.991502108236871
21,4,4.0,9.332624649190446,0.4595611572522446,30.1651081135912,78.9187479595833,7.991502108236871
21,5,5.0,8.646527096167201,0.5926028037219823,43.1635303903166,130.5675053418648,7.991502108236871
21,6,6.0,7.872125119234441,1.132792557882111,55.04201590290285,191.57634762731166,7.991502108236871
21,7,7.0,7.216535938970062,2.1174061115238514,65.89587956258688,261.6152695033646,7.991502108236871
21,8,8.0,6.594002561675905,3.5979528338015596,75.84056732144073,335.9346500810663,0.0
21,9,9.0,5.118712064820618,-2.1699733941818138e-08,84.48997152813484,372.41543548692033,0.0
21,10,10.0,3.4921518849266953,-3.525516081462978e-08,90.6200545816426,372.4154355118192,0.0
21,11,11.0,2.363989927407133,-4.1119610400570703e-08,94.78584283891627,372.41543552169225,0.0
21,12,12.0,1.5923588097327603,1.6382102493354112e-09,97.5988881238177,372.4154354689281,0.0
21,13,13.0,1.0691528927984186,-6.574129965243659e-09,99.4906922492488,372.4154354790222,0.0
21,14,14.0,0.7163536892189647,-2.330994721439154e-08,100.75954681187561,372.4154354999531,0.0
22,0,0.0,0.452597261313731,20.02723605844344,0.0,0.0,0.0
22,1,1.0,1.3841697331664242,19.225273381199283,1.2060090775254064,0.0885042170379117,0.0
22,2,2.0,3.8214701945146183,16.898090067537517,4.706562477340971,1.1638930406509584,10.532391816776638
22,3,3.0,8.571127462788573,21.675353986161394,13.360956715593629,11.120029270083881,10.532391816776638
22,4,4.0,14.217176716645868,21.233279267590873,29.860259966298404,62.58810611154356,10.532391816776638
22,5,5.0,17.63546992638499,16.253803243045013,53.18989503466501,195.13336669317084,10.532391816776638
22,6,6.0,17.784347643062915,9.615734255517731,79.04740693839297,395.8607175560763,10.532391816776638
22,7,7.0,15.611096267292266,4.109345872668537,103.29489762955815,610.8885056313155,10.532391816776638
22,8,8.0,12.276830499945667,1.4865643952644443,123.4489656940723,782.234292027824,10.532391816776638
22,9,9.0,9.10395902292199,2.147789399194221,138.7370709228607,903.9325225384401,0.0
22,10,10.0,5.9847629733863545,1.7858731987695082e-09,149.56880135678733,925.6955989104243,0.0
22,11,11.0,3.8058783521080777,-3.825970504947791e-08,156.50308356768153,925.6955990792354,0.0
22,12,12.0,2.410717353673797,2.751341182776872e-07,160.90404122894708,925.6955986170475,0.0
22,13,13.0,1.5233488643787723,2.5703896442195293e-08,163.68831295355412,925.6955989845507,0.0
22,14,14.0,0.9612043363487026,-7.389056027422022e-09,165.4463946354422,925.6955989287825,0.0
23,0,0.0,0.3540166850727206,53.48802716649868,0.0,0.0,0.0
23,1,1.0,1.126680280282993,52.84550695595477,0.9649851478411099,0.01941110462834621,8.777951669639519
23,2,2.0,3.2896411672720456,59.66549150554167,3.9044479156934355,0.4392308901740463,8.777951669639519
23,3,3.0,7.807120956088995,63.310337223465375,11.610307103187035,6.570265979210738,8.777951669639519
23,4,4.0,13.360953051613675,61.882676111862246,26.930879841560202,46.686785600064574,8.777951669639519
23,5,5.0,16.81343897618006,55.942637906371054,49.026565487701404,161.74009746366124,8.777951669639519
23,6,6.0,17.303997180691436,48.151620404888405,73.90393102384104,347.99098677181865,8.777951669639519
23,7,7.0,15.785788625802857,40.9513883018829,97.89820519117487,565.6878858858162,8.777951669639519
23,8,8.0,13.352179270401898,35.72399207541452,118.93375696271922,778.0570163301521,8.777951669639519
23,9,9.0,10.75095202093603,32.9561592499435,136.27778115999303,964.552685145782,8.777951669639519
23,10,10.0,8.375821025591762,32.59404323407439,150.00891512922524,1118.1841046214165,8.777951669639519
23,11,11.0,6.377914028121223,34.332895848926675,160.58342479378635,1239.7128315670993,0.0
23,12,12.0,4.786284349417616,29.01470443737681,168.57380848591356,1333.0948334826971,0.0
23,13,13.0,3.5586487633526027,25.042911619618465,174.54253877775534,1403.458170038121,0.0
23,14,14.0,2.6269992165790383,22.101095286428215,178.96463552113394,1455.844105686385,0.0
24,0,0.0,0.5457464284371644,62.2095224723565,0.0,0.0,0.0
24,1,1.0,1.7223146628148567,61.221318265955986,1.4835072563865905,0.04237627154981404,0.0
24,2,2.0,4.781218773602181,58.301964529451475,5.866268926613435,1.2004698792578194,10.071941798218209
24,3,3.0,10.191272635032412,61.324641653180855,16.448351950157875,15.205069229818056,10.071941798218209
24,4,4.0,15.385711090218011,58.96231941352059,35.11516892060599,82.47356282490014,10.071941798218209
24,5,5.0,17.641338419606004,52.93271162529304,59.28905599174881,232.69271324694526,10.071941798218209
24,6,6.0,17.099221359793123,46.17033270639304,84.56607102401962,441.02544956390665,10.071941798218209
24,7,7.0,14.990448942363242,40.778853138651826,107.78798260512895,663.5895899189419,10.071941798218209
24,8,8.0,12.336412350460392,37.73690554608708,127.48398775193294,869.2590050819932,10.071941798218209
24,9,9.0,9.737931238876595,37.24644589547132,143.3488321024946,1043.78478557873,10.071941798218209
24,10,10.0,7.467344548678095,39.10193052565583,155.68975813355155,1184.2203885898573,10.071941798218209
24,11,11.0,5.599834873624147,42.94111030686121,165.04982948962984,1293.240242525567,0.0
24,12,12.0,4.146962876804425,38.301257671324436,172.0180456841751,1375.6154199046744,0.0
24,13,13.0,3.056527812050832,34.87352668663473,177.16667379220695,1436.998392972347,0.0
24,14,14.0,2.2434227786192453,32.35258238076075,180.95371772360576,1482.398516058408,0.0
25,0,0.0,0.1195310072118241,30.11787399040817,0.0,0.0,0.0
25,1,1.0,0.3792786389008049,29.901985069060693,0.3243729289958244,0.007384803039938106,0.0
25,2,2.0,1.1673701809815487,29.227408773298524,1.3379487225428215,0.06507539160876094,0.0
25,3,3.0,3.298314551420722,27.239920293308007,4.324527624139353,0.7489105941833502,10.292253514874144
25,4,4.0,7.716382518502626,32.445476895059045,11.967018192861557,7.852901722446813,10.292253514874144
25,5,5.0,13.442982254344692,32.5815044077542,27.22445291797531,49.67479363019729,10.292253514874144
25,6,6.0,17.381044836632295,27.858251645483985,49.78479031875434,169.4188500991932,10.292253514874144
25,7,7.0,18.11003112081577,20.90810360922115,75.70172164811417,365.5718651923838,10.292253514874144
25,8,8.0,16.462875502967435,14.518235607042339,100.79666477169572,593.5393416936332,10.292253514874144
25,9,9.0,13.741407417217426,10.330202864827099,122.6064929729124,810.6037580481329,10.292253514874144
25,10,10.0,10.87200101786214,8.883870747377761,140.30816379259917,995.1162419372234,0.0
25,11,11.0,8.04257285529897,0.038529803043412705,153.98449588433917,1120.8494241956014,0.0
25,12,12.0,5.0943605807989565,-6.82969151928947e-09,163.2873955573809,1120.914340674138,0.0
25,13,13.0,3.2106823750324107,1.1468935142885077e-08,169.16496829548853,1120.9143404116085,0.0
25,14,14.0,2.0175374101077233,-5.6748257921576716e-08,172.86371941730624,1120.9143402763652,0.0
26,0,0.0,0.5289815270401609,24.543675420552045,0.0,0.0,0.0
26,1,1.0,1.6275142813476688,23.601835570963274,1.415694506988534,0.09042381332912253,0.0
26,2,2.0,4.452460501241077,20.87387325621553,5.516849953503096,1.4571662024682532,0.0
26,3,3.0,9.545173315209398,14.314738806682673,15.3838952038963,15.403200016743789,19.80533360427018
26,4,4.0,14.98540531407067,22.281568175484313,33.18893280664113,78.57644380123591,19.80533360427018
26,5,5.0,17.972871184640546,26.037168333193335,57.31285027804475,224.58624292780527,19.80533360427018
26,6,6.0,17.88467343649879,28.452116882478702,83.44634812983129,436.6386406758224,19.80533360427018
26,7,7.0,15.850505606121997,31.98980045488635,107.88850921223214,669.3910002113712,19.80533360427018
26,8,8.0,13.060077876425606,37.91318593981554,128.7415661800936,887.273358916323,19.80533360427018
26,9,9.0,10.213327493442156,46.57178029511792,145.48172739496576,1072.5262141151964,19.80533360427018
26,10,10.0,7.562198079287765,57.86995975671375,158.25484162564197,1219.223951720157,19.80533360427018
26,11,11.0,5.077187511092621,71.62376803828826,167.3390886007247,1326.1105913350257,0.0
26,12,12.0,3.214523327937996,67.72489843434417,173.19190611905813,1395.9687283799633,0.0
26,13,13.0,2.0854527340189337,65.22553688749817,176.94376863679184,1441.09475716851,0.0
26,14,14.0,1.372260869583527,63.59237719316013,179.3954099885424,1470.7211421549985,0.0
27,0,0.0,0.1776581524357671,32.89350333905581,0.0,0.0,0.0
27,1,1.0,0.563651076110789,32.57240107560629,0.4823891338617771,0.011052190540876161,0.0
27,2,2.0,1.710403904045555,31.576629261616286,1.978813197882631,0.1279500917075903,7.263042098906735
27,3,3.0,4.6232298226732755,35.9918089901688,6.256938010359748,1.6380280739421935,7.263042098906735
27,4,4.0,9.864446807444557,36.458453027871236,16.465433793418683,16.025898127852333,7.263042098906735
27,5,5.0,15.336534152153567,31.519347706143964,34.79542239575839,82.6900405054065,7.263042098906735
27,6,6.0,18.106895854619417,22.486484808854524,59.284807157896985,235.019926162665,7.263042098906735
27,7,7.0,17.729550354582912,12.385296332256393,85.40812085940772,449.12863557709676,7.263042098906735
27,8,8.0,15.28679616652893,3.7882650215621494,109.36437505142639,668.9097020813897,7.263042098906735
27,9,9.0,11.0426568832654,0.10325965089724211,128.56369040503532,772.176048032329,7.263042098906735
27,10,10.0,7.409139811719514,0.47544822838520706,141.6384331572598,807.7001968121677,7.263042098906735
27,11,11.0,5.254682521388757,2.0571142086970062,150.6220464228188,869.9612340680994,7.263042098906735
27,12,12.0,3.8791702412907125,5.044595205996671,157.13688296912454,933.3784182160714,0.0
27,13,13.0,2.8374330325035797,1.8852562724040816,161.9498064954721,980.7469651779833,0.0
27,14,14.0,1.9162840047921839,0.0007048152238412819,165.36846662540074,999.4355856379477,0.0
28,0,0.0,0.4183637145818377,50.07866326350619,0.0,0.0,0.0
28,1,1.0,1.3249588254430398,49.32087101745908,1.1378319470735763,0.028665640849328655,0.0
28,2,2.0,3.7996885565092056,47.040018689265494,4.563104786295527,0.6810819977353222,15.325774029579764
28,3,3.0,8.728794608692494,56.54067898011988,13.309148029734047,9.312092618545945,15.325774029579764
28,4,4.0,14.312836610673447,60.71051043254898,30.057189769613608,59.5007325330933,15.325774029579764
28,5,5.0,17.11960967128659,60.667320859143764,53.12955849882964,189.15976298713392,15.325774029579764
28,6,6.0,16.635687678801816,59.59093236006889,77.75327457746104,381.05812434844,15.325774029579764
28,7,7.0,14.25994335110775,60.00522304566148,100.13926379837724,588.1987256561756,15.325774029579764
28,8,8.0,11.197757732015539,63.09858061325994,118.50220531850984,775.1210699175649,0.0
28,9,9.0,8.541383018510665,53.702339696656274,132.6084916255957,926.8734052153961,0.0
28,10,10.0,6.556006329245214,46.503829054116174,143.41705173225122,1047.0455600751736,0.0
28,11,11.0,5.009391428115861,40.98903566501778,151.6987090715501,1141.08145965565,0.0
28,12,12.0,3.801868953511472,36.789293978450495,158.00642893241536,1213.7031242202243,0.0
28,13,13.0,2.86738443252591,33.612111384881175,162.77897685159508,1269.1611776309608,0.0
28,14,14.0,2.1514880112688006,31.22225886096209,166.3692872742552,1311.1425183952683,0.0
29,0,0.0,0.7143193307388469,10.561248542726688,0.0,0.0,0.0
29,1,1.0,2.0530538372590366,9.3404025350825,1.8404822048504366,0.39769124669566475,0.0
29,2,2.0,5.050782533657965,6.103751798217628,6.72736723125423,4.145675783509827,0.0
29,3,3.0,8.181799547599478,5.96905657773297e-05,16.74858018196732,27.83405045360891,16.08766575698771
29,4,4.0,11.07911933425941,7.253001877403726,30.34544368339724,82.9211461787973,16.08766575698771
29,5,5.0,13.68465648939172,11.389838566397723,48.36650734218059,183.25008386219864,16.08766575698771
29,6,6.0,14.460550422856036,13.871517608562758,68.85606127365115,331.8757636509007,16.08766575698771
29,7,7.0,13.645462890138505,16.413060174504547,89.24284227694868,507.0408890264632,16.08766575698771
29,8,8.0,11.936413273808183,20.210999358957935,107.72844598544884,683.961524627886,16.08766575698771
29,9,9.0,9.924164540167475,25.82166964826315,123.47828482187867,845.8789056720525,0.0
29,10,10.0,7.958719177534348,17.270240420684132,136.33544333059436,983.7262651489743,0.0
29,11,11.0,6.2043142568017275,10.517112759547828,146.50233567334837,1094.282604898698,0.0
29,12,12.0,4.713192650537143,5.331698787483639,154.3314176771681,1178.2162384427336,0.0
29,13,13.0,3.452157750463194,1.490469038623739,160.18888925177535,1235.1233267062687,0.0
29,14,14.0,2.2662550414707323,2.0441252371420657e-08,164.2940389588307,1248.6007138396371,0.0
30,0,0.0,0.4691585924829904,63.58321328609153,0.0,0.0,0.0
30,1,1.0,1.487406846385223,62.73232420362154,1.2777520113749916,0.029986983493350383,5.9728229109321225
30,2,2.0,4.20380164806844,66.16036566904383,5.097904862712265,0.8265328279589061,5.9728229109321225
30,3,3.0,9.252513684810953,65.82903360367574,14.561260196400902,11.297525039976492,5.9728229109321225
30,4,4.0,14.538001983084103,60.27080819758253,31.871510422344105,67.09794234978807,5.9728229109321225
30,5,5.0,17.331123305787834,50.71696623789504,55.18251182181856,203.08631416962302,5.9728229109321225
30,6,6.0,17.34005090539081,39.87601658944333,80.43114483107347,403.97904569869655,5.9728229109321225
30,7,7.0,15.538149468036403,29.990514634545942,104.25296400545298,627.4416525213924,5.9728229109321225
30,8,8.0,12.962748114895174,22.281209790644905,124.81584580768737,838.5186604796064,5.9728229109321225
30,9,9.0,10.314539880373832,17.122241691950002,141.55640409772855,1019.1305306282376,5.9728229109321225
30,10,10.0,7.9513038271719845,14.385834512192847,154.66216407038257,1164.526092468499,5.9728229109321225
30,11,11.0,6.002485744456145,13.71922305255381,164.65711446695093,1277.4437126099604,5.9728229109321225
30,12,12.0,4.471252773207202,14.71397462946655,172.1506952281782,1363.446516345854,0.0
30,13,13.0,3.2962653908161026,11.025368530554843,177.70527660377604,1427.5719096295977,0.0
30,14,14.0,2.4059197128203405,8.32268144684444,181.78039836196936,1474.1821164233334,0.0
31,0,0.0,0.4370893020031214,43.11555117637516,0.0,0.0,0.0
31,1,1.0,1.3780503871989869,42.325962190953824,1.1857697108081864,0.035834753487113354,0.0
31,2,2.0,3.9235518941023244,39.96347295996475,4.734332728648098,0.7865675577443442,12.085269669859128
31,3,3.0,8.944801807189924,46.063700600583594,13.722283169048787,10.230862261537983,12.085269669859128
31,4,4.0,14.74895288390412,46.70397903143336,30.908080918382694,63.736237873854066,12.085269669859128
31,5,5.0,18.07246709134926,42.777978974503206,54.95172319656271,202.58745297874694,12.085269669859128
31,6,6.0,18.159968703014606,37.271146192314745,81.3728918196785,413.32278081746585,12.085269669859128
31,7,7.0,16.18483923884318,32.78605852232143,106.26407471749737,648.5751217112418,12.085269669859128
31,8,8.0,13.405358632929563,30.664726959443385,127.60777687599474,870.2308641740598,12.085269669859128
31,9,9.0,10.600160356402075,31.263188951943338,144.8660261458974,1059.8718819287637,12.085269669859128
31,10,10.0,8.126994396405838,34.406462448154954,158.29962827234982,1213.0138700046732,12.085269669859128
31,11,11.0,6.0897803599671,39.711828260711016,168.48299633018922,1332.094957589123,0.0
31,12,12.0,4.501019272488164,34.670624087767365,176.05489926461948,1422.0465780757634,0.0
31,13,13.0,3.3058788179144636,30.956650509658083,181.6343575138962,1488.8789818605555,0.0
31,14,14.0,2.4156029485737647,28.236208896999788,185.72191858062953,1538.09288937451,0.0
32,0,0.0,0.8453098817942449,15.751280802950356,0.0,0.0,0.0
32,1,1.0,2.4947495352582014,14.279807515207233,2.214565585984326,0.3290850082324331,0.0
32,2,2.0,6.196923847792031,10.30982446936029,8.193971648472452,4.569539895605294,0.0
32,3,3.0,11.035132677256795,2.0354618361119847,20.727237486316675,36.73446525749465,6.598437162525163
32,4,4.0,10.61030363079817,0.0899731249833117,37.09501475368831,79.57276482776365,6.598437162525163
32,5,5.0,8.462186109961337,0.1887927838104559,50.79262688354047,102.94101778235093,6.598437162525163
32,6,6.0,6.812557971614677,0.5474805173875895,61.71146290755303,139.55097140234952,6.598437162525163
32,7,7.0,5.782948546403573,1.466339858885343,70.71902396059298,191.09694374671125,6.598437162525163
32,8,8.0,5.0967653776930675,2.980818009917449,78.5287009411789,248.30149879119017,0.0
32,9,9.0,3.941316326177204,9.320854000949088e-08,85.18308938253011,277.5909703492167,0.0
32,10,10.0,2.689089650118062,4.502883685686104e-09,89.90257330703385,277.59097043852626,0.0
32,11,11.0,1.8236583102528645,-6.327866744569999e-09,93.11282160879891,277.5909704529343,0.0
32,12,12.0,1.2319163985249972,-1.798752186695845e-09,95.28567133674369,277.59097044857367,0.0
32,13,13.0,0.8300550016782678,-1.2166235941298053e-08,96.75156343634075,277.59097046079216,0.0
32,14,14.0,0.5583424155080469,3.399620171589276e-08,97.7384160660508,277.5909704034402,0.0
33,0,0.0,0.922083443150446,77.95389709951237,0.0,0.0,0.0
33,1,1.0,2.849270322611076,76.29680742464232,2.4872459997480343,0.1285304432977058,0.0
33,2,2.0,7.1550293565635625,71.70324499010624,9.382246783437779,3.7918041840130634,0.0
33,3,3.0,12.93122957025118,62.06660412409548,23.84804447201822,35.50082963119883,17.43393734631782
33,4,4.0,16.679218836785584,64.99510500690823,45.622329099417236,140.17350525211498,17.43393734631782
33,5,5.0,16.608581765758164,66.1909650550845,69.99801493108775,315.4706344192554,17.43393734631782
33,6,6.0,14.01977444237784,68.80182643646532,92.24916203897621,511.94431468743807,17.43393734631782
33,7,7.0,10.422370683897965,74.47624834158083,109.90082681015727,685.7502111073865,17.43393734631782
33,8,8.0,6.809055416791732,83.67596614002038,122.26003575493458,814.984972126139,17.43393734631782
33,9,9.0,3.9329542633312355,96.03749292294867,129.87208947509245,897.2727779661625,0.0
33,10,10.0,2.1657596191890356,93.19531489080785,134.13726350424426,944.1966890230001,0.0
33,11,11.0,1.1941922831236023,91.62960735759836,136.48709546249614,970.2780830599324,0.0
33,12,12.0,0.6596135874680392,90.76560634130385,137.7838075853711,984.7383649494732,0.0
33,13,13.0,0.3648025776590791,90.28808803962663,138.5004806809931,992.750668478059,0.0
33,14,14.0,0.2019163607988757,90.0238902998228,138.89699707472076,997.1898163324744,0.0
34,0,0.0,0.5028299715393841,52.2825525716649,0.0,0.0,0.0
34,1,1.0,1.5864308833703369,51.37293017334846,1.365749948005063,0.04027118903880817,0.0
34,2,2.0,4.454219562990746,48.66987160687832,5.424391638641615,1.0311269791447526,0.0
34,3,3.0,9.797803813283794,42.00116434580643,15.438509431650653,13.414673017659908,17.243156490135462
34,4,4.0,15.483333839700746,46.99467341132452,33.83283206282512,77.09337302400064,17.243156490135462
34,5,5.0,18.283892586955837,47.75502902906208,58.58299968844244,228.47068703392097,17.243156490135462
34,6,6.0,17.81930855681363,47.47402946246133,84.89685949926717,444.9435273688927,17.243156490135462
34,7,7.0,15.453251209616544,48.668259598998986,108.99539686439333,676.9479978746167,17.243156490135462
34,8,8.0,12.408509164807922,52.53057262541886,129.08641197214033,888.3248840299265,0.0
34,9,9.0,9.613974441791473,42.019531084116075,144.86969348604828,1063.1932163962229,0.0
34,10,10.0,7.352389543990729,33.92491480950996,157.02766678229483,1201.9627104996468,0.0
34,11,11.0,5.545047042426915,27.77837777911361,166.26246452834832,1309.248395098221,0.0
34,12,12.0,4.134518302205157,23.170550686732952,173.18780871828415,1390.5177576929473,0.0
34,13,13.0,3.055778616295235,19.7510518924702,178.32903254976117,1451.161588887262,0.0
34,14,14.0,2.2434257677101836,17.23307710874445,182.11622289976293,1495.9235460559871,0.0
35,0,0.0,0.3821845315621736,72.31159271391286,0.0,0.0,0.0
35,1,1.0,1.2192364459838971,71.61614686723956,1.0439213968330783,0.01752822213530051,19.651047734519903
35,2,2.0,3.502273065319319,89.16157810586716,4.2035309728855355,0.4789297211530773,19.651047734519903
35,3,3.0,7.792133380548354,103.51731285769927,12.15057563972552,7.0756357382539194,19.651047734519903
35,4,4.0,11.804905186115954,113.5838595691792,26.533913323059245,44.4328332745154,19.651047734519903
35,5,5.0,12.504596412570727,121.27630776729758,44.479447138614724,132.27929225426215,19.651047734519903
35,6,6.0,10.409796048133865,129.79401201805115,61.18613239908366,245.36298261904844,19.651047734519903
35,7,7.0,7.522290838858092,140.8407680642038,74.09736028973684,348.44110265058316,19.651047734519903
35,8,8.0,5.015458102244857,154.52720286499107,83.04732455786703,426.4089026514322,19.651047734519903
35,9,9.0,3.1940042293552375,170.29334999319641,88.87647907012901,479.68935516030893,19.651047734519903
35,10,10.0,1.9808636670794615,187.5027131341867,92.53916989513758,514.0942974909377,0.0
35,11,11.0,1.2095748731811344,186.00037363976014,94.79297551060561,535.6015688059357,0.0
35,12,12.0,0.7318250952729717,185.08732676059194,96.16291461004276,548.7945742450999,0.0
35,13,13.0,0.4403624943814224,184.5364278708148,96.98948637128778,556.7979456264193,0.0
35,14,14.0,0.26412331282908985,184.20547670621255,97.48604778987242,561.6213789875433,0.0
36,0,0.0,0.7317307922737741,58.85892975071806,0.0,0.0,0.0
36,1,1.0,2.284198662088826,57.5400658287449,1.9799955379728895,0.08479789524409856,0.0
36,2,2.0,6.0717256344579855,53.75237108760569,7.666644680174003,2.3822331261421157,0.0
36,3,3.0,12.042943586577936,45.15109334560272,20.58186545305918,25.880506423375284,8.138354737803475
36,4,4.0,17.125933785450503,39.08968277620032,41.90662693947375,119.34457490665571,8.138354737803475
36,5,5.0,18.88460816629407,29.688648992932148,68.25413180209353,302.5390069467619,8.138354737803475
36,6,6.0,17.73617096168149,20.108362739976208,94.88623779584493,536.3926333564646,8.138354737803475
36,7,7.0,15.082516237247232,12.474696711527553,118.61877369526871,770.405436289717,8.138354737803475
36,8,8.0,12.021939589243921,7.667679904404848,138.1367169787737,972.583661833082,8.138354737803475
36,9,9.0,9.174623463522076,5.742115874431486,153.34923156412637,1131.9964954557993,8.138354737803475
36,10,10.0,6.832277411581716,6.3075215213283125,164.80623284953907,1253.8042540864085,8.138354737803475
36,11,11.0,5.038058692723442,8.827505852030791,173.29149964182815,1347.397830702905,0.0
36,12,12.0,3.6690327477309848,4.707152535233856,179.51918928686058,1416.1773949057363,0.0
36,13,13.0,2.601662100721138,1.7666825482878852,184.00342513084098,1461.0527726250675,0.0
36,14,14.0,1.7229346555641318,0.0040377325089055735,187.1035687968589,1478.430418400941,0.0
37,0,0.0,0.4080706744061696,19.41908886916349,0.0,0.0,0.0
37,1,1.0,1.248873275155084,18.696117096654717,1.0873032155286488,0.07828306419636652,0.0
37,2,2.0,3.4811931432327987,16.587026899677348,4.260188814920405,0.9625667099740849,13.716314773422866
37,3,3.0,8.018323815911923,24.987714354089842,12.25229186398696,9.03750524597121,13.716314773422866
37,4,4.0,13.772740496408188,28.23550536300739,27.983954940759777,53.91426864240999,13.716314773422866
37,5,5.0,17.595843683044933,26.670194547841515,50.9477404682516,178.4826359922444,13.716314773422866
37,6,6.0,18.18795267200753,23.006498221494248,77.07025834182024,378.67998225196936,13.716314773422866
37,7,7.0,16.478710750109453,19.994565230019546,102.22139215451121,609.7775763176085,13.716314773422866
37,8,8.0,13.781906168348696,19.18707359498761,124.06329988496057,831.5223122101172,13.716314773422866
37,9,9.0,10.973493684213068,21.063835867398343,141.86735985867688,1023.6131436742653,13.716314773422866
37,10,10.0,8.46853407009397,25.500536661493626,155.8171499000753,1180.5080508787737,13.716314773422866
37,11,11.0,6.3954346183769335,32.12998626533272,166.4661839316996,1303.8985782066409,13.716314773422866
37,12,12.0,4.742152227782928,40.53881289415534,174.43842292531988,1398.258479345308,0.0
37,13,13.0,3.474802605244299,36.630001899673786,180.30933927225556,1468.6306722370014,0.0
37,14,14.0,2.536042076335369,33.77159274547976,184.60304658064788,1520.4175904902397,0.0
38,0,0.0,0.8860688947599283,37.7597054628811,0.0,0.0,0.0
38,1,1.0,2.718001311971393,36.17793496192684,2.375865238812609,0.16972118841270412,0.0
38,2,2.0,6.9615653157525275,31.760991076082835,9.011153122586363,3.910862435040797,5.425613188477281
38,3,3.0,13.09146476783448,27.6121094213838,23.396772891961223,35.84716906130643,5.425613188477281
38,4,4.0,17.695131075857446,18.03624918500337,45.9487338185472,145.84039868503993,5.425613188477281
38,5,5.0,18.590633600045027,5.816998156662104,72.53843247568625,338.5562944860335,5.425613188477281
38,6,6.0,14.301521870080514,0.03246538012037273,96.92693094304288,437.3282386261047,5.425613188477281
38,7,7.0,9.62647211527503,0.0691162884870586,113.95353945793534,449.5903397114104,5.425613188477281
38,8,8.0,6.470325903127815,0.22679271252673489,125.38016970579896,469.05612202502806,5.425613188477281
38,9,9.0,4.522571071851905,0.9984799320778848,133.17127382254574,505.77671793612495,5.425613188477281
38,10,10.0,3.3432884937056673,2.8012972018971096,138.77239500556232,551.6601630344344,0.0
38,11,11.0,2.4015642705207116,0.17894839026861345,142.91237738855625,581.9579668985701,0.0
38,12,12.0,1.5407449689810362,1.6460577110225875e-08,145.70841254463338,582.5036207842401,0.0
38,13,13.0,0.9846784403270106,3.975023890394052e-08,147.4971505088998,582.5036207548843,0.0
38,14,14.0,0.628599001566823,-3.689950481377591e-11,148.6396912766503,582.5036208050552,0.0
39,0,0.0,0.3730730966736099,46.21959506692152,0.0,0.0,0.0
39,1,1.0,1.1823744579572486,45.5439568994584,1.0145616945122438,0.024734463031330832,0.0
39,2,2.0,3.4274254310664514,43.49798092034651,4.086972921634702,0.5359912344387092,0.0
39,3,3.0,8.099553520030215,38.170171741224074,12.089319702051391,7.615823936238967,9.547282944925298
39,4,4.0,14.002837322600532,37.08902690636365,28.052939750548152,52.22043337325402,9.547282944925298
39,5,5.0,17.865966557482913,31.10007231017118,51.39137168325128,179.0777230422134,9.547282944925298
39,6,6.0,18.405898021381184,23.02574013415348,77.8729589156383,383.2409875203377,9.547282944925298
39,7,7.0,16.595530839572707,15.686240914785367,103.26966042062833,617.1923505829964,9.547282944925298
39,8,8.0,13.768093009655132,10.677836426989174,125.18800989377988,837.6978844639441,9.547282944925298
39,9,9.0,10.832579795342014,8.49517378411042,142.87700638504563,1023.2050962993762,9.547282944925298
39,10,10.0,8.257039779152239,8.971122460286592,156.56389402503152,1170.89124884791,0.0
39,11,11.0,6.094374586584977,2.176678190767816,166.8619161442757,1278.6610209748953,0.0
39,12,12.0,3.9690033489505177,1.3467178275745956e-08,174.08820705236016,1301.467079331281,0.0
39,13,13.0,2.486009436643966,-1.6806649756040625e-09,178.65393257322515,1301.4670793618234,0.0
39,14,14.0,1.5538606045735295,-3.376238490332093e-08,181.5106724986835,1301.4670794049364,0.0
40,0,0.0,0.6685859233195245,34.61777721938382,0.0,0.0,0.0
40,1,1.0,2.068847440664357,33.42084397469662,1.798038936651853,0.1006683317844842,0.0
40,2,2.0,5.542735252459974,29.98288166586897,6.96321093915707,2.158608835924768,8.603344758320238
40,3,3.0,11.306091412879107,30.62494045919034,18.924337642943023,22.38861766072364,8.603344758320238
40,4,4.0,16.590757084567933,25.674179526383124,39.291361189542634,106.72982745318046,8.603344758320238
40,5,5.0,18.66286867094305,17.107974550146988,65.1064806940718,279.8487334571755,8.603344758320238
40,6,6.0,17.612559297048925,8.17103543512956,91.5261064170394,504.11559471836483,8.603344758320238
40,7,7.0,14.566258696335334,1.401207199983807,114.89901515563876,710.9956106934368,8.603344758320238
40,8,8.0,10.027894937130796,0.2725020777238923,132.56114075804328,773.0422904103632,8.603344758320238
40,9,9.0,7.02216527407225,1.4800542398720018,144.63998827018494,840.3137349043776,8.603344758320238
40,10,10.0,5.17883979140067,4.4005780708493605,153.33588383873848,920.7358063965584,8.603344758320238
40,11,11.0,3.8783207825924677,8.723372624770786,159.80917445997423,989.6333568560993,0.0
40,12,12.0,2.8857180826523123,5.518655437761188,164.65073919839008,1042.2729624232397,0.0
40,13,13.0,2.1082520685400876,3.164775860432454,168.2232696479892,1079.2828270653245,0.0
40,14,14.0,1.5011449036640994,1.4820856686023154,170.80423299854195,1103.1560456319569,0.0
41,0,0.0,0.2057657128100099,22.28430379586301,0.0,0.0,0.0
41,1,1.0,0.6414001055572538,21.916437963197385,0.5530471728319779,0.024085896447087616,0.0
41,2,2.0,1.901177175760811,20.798651374009395,2.2336532248492738,0.23195376066707785,0.0
41,3,3.0,4.947858286517346,17.70053796117657,6.893024397673911,2.5416477331563825,19.20113172102065
41,4,4.0,10.182953444394117,29.789286674029807,17.583512096424183,19.84801860262478,19.20113172102065
41,5,5.0,15.477498799450169,36.55686698046097,36.26149226420495,91.27955199221128,19.20113172102065
41,6,6.0,18.01829316448899,39.431399289502934,60.78343301932325,247.14379701054037,19.20113172102065
41,7,7.0,17.531186589864205,41.39096984196057,86.67781575258154,463.4099385176862,19.20113172102065
41,8,8.0,15.2458775803242,44.78612029776448,110.41445725881137,693.4517321279416,19.20113172102065
41,9,9.0,12.287753866149696,50.76268779197514,130.2722424089819,903.1466471424083,19.20113172102065
41,10,10.0,9.248404623014254,59.640585199176215,145.77121197822703,1075.6172722209578,0.0
41,11,11.0,6.75331793948451,52.03987981926414,157.18326609519264,1206.6904573407605,0.0
41,12,12.0,4.971411744051105,46.462333206071165,165.55808864689652,1304.6776152377108,0.0
41,13,13.0,3.659279239927166,42.35574185779019,171.72491601658527,1377.6919045681007,0.0
41,14,14.0,2.687273500055905,39.33641493450101,176.25945290344043,1431.8012349728695,0.0
42,0,0.0,0.1100604633562838,28.007074886905134,0.0,0.0,0.0
42,1,1.0,0.3484379109319924,27.808604185928907,0.2982394282383509,0.007473385101367595,0.0
42,2,2.0,1.0725931116175913,27.189187553113047,1.229176340173182,0.06060732564206441,7.123606322333486
42,3,3.0,3.063110072231471,32.477486191917954,3.9867055717955537,0.6061596923135143,7.123606322333486
42,4,4.0,7.322575416156017,34.819731735974166,11.169249406383683,6.552092396647094,7.123606322333486
42,5,5.0,13.064036535584858,32.17750911713704,25.839651571162236,44.207038505312404,7.123606322333486
42,6,6.0,17.206265217678226,24.559212358451923,47.991498926428605,157.79564228250044,7.123606322333486
42,7,7.0,18.096145491502643,14.528170018769439,73.79071852200352,349.1908653268128,7.123606322333486
42,8,8.0,16.359633832300045,5.040716791803872,98.84735888462617,569.8124081963299,7.123606322333486
42,9,9.0,12.24749706064981,0.07488857481026191,119.82299139677485,693.5781682161336,0.0
42,10,10.0,7.95905718106453,-3.69940585264084e-09,134.16763431785313,693.7327443028604,0.0
42,11,11.0,5.117729022788984,-5.109556077285564e-09,143.43880128620825,693.7327445573769,0.0
42,12,12.0,3.2708248798761024,-8.722268277406999e-09,149.382110997039,693.7327440108375,0.0
42,13,13.0,2.0828449665723716,1.6878880753548783e-08,153.17357732803367,693.7327440204368,0.0
42,14,14.0,1.3233990723940339,1.551312392084296e-08,155.58524778496027,693.7327440254181,0.0
43,0,0.0,0.3335670010232155,75.39569377122545,0.0,0.0,0.0
43,1,1.0,1.0676018919260457,74.78781557880149,0.9124244276978308,0.012714419466419189,0.0
43,2,2.0,3.124125163327027,72.92913815038078,3.7023280747166942,0.354867569627444,0.0
43,3,3.0,7.436439273982537,68.04869480000562,11.028214893412892,5.700087181547799,13.014778159646886
43,4,4.0,12.701794130440435,71.3309307878665,25.636491576596733,41.67449453197503,13.014778159646886
43,5,5.0,15.465282238425981,70.55101785402937,46.34306956461902,144.43928849870096,13.014778159646886
43,6,6.0,15.008399798736383,68.74033898104523,68.59722909963278,303.9651709062872,13.014778159646886
43,7,7.0,12.727348388999589,68.36333693441219,88.69958922752258,478.59901502996496,13.014778159646886
43,8,8.0,9.82321593012914,70.54399644905875,104.96251475106209,635.603442413321,13.014778159646886
43,9,9.0,6.941790803602998,75.53553475457066,117.00565870766387,759.1682802452107,13.014778159646886
43,10,10.0,4.4467965866021775,83.12984663112823,125.14151762087974,845.6943196428113,13.014778159646886
43,11,11.0,2.586282724559538,92.8270666850287,130.12043020331518,899.7648321338207,0.0
43,12,12.0,1.446554706567164,90.94562668333302,132.9445502396532,930.7891698414063,0.0
43,13,13.0,0.8108248056357527,89.89211198137927,134.52569619554876,948.2626002907658,0.0
43,14,14.0,0.4552541819158788,89.30112214179053,135.41267571294253,958.0966836890564,0.0
44,0,0.0,0.2416570254084072,56.01537416403818,0.0,0.0,0.0
44,1,1.0,0.7746737037858874,55.575279824302555,0.6607384469771136,0.009056806817785137,18.93791192003981
44,2,2.0,2.333745908835373,73.14480411163608,2.7139947808629596,0.17016226683847083,18.93791192003981
44,3,3.0,5.872749642557304,88.3207605217651,8.36037155261694,2.812744746728666,18.93791192003981
44,4,4.0,10.488702618090963,99.36414324027358,20.208421712153726,24.066129527995454,18.93791192003981
44,5,5.0,12.721493365794286,106.86897813793574,37.366332473651816,92.8627178917615,18.93791192003981
44,6,6.0,11.527954844165338,113.9565469985272,55.14991083540953,201.77868117455125,18.93791192003981
44,7,7.0,8.73391797689185,123.12613089297093,69.80860915397551,313.0811330578855,18.93791192003981
44,8,8.0,5.9707033620907835,135.04811916068422,80.33659277691957,402.4649769301157,18.93791192003981
44,9,9.0,3.851222504589591,149.33058269291183,87.3222349786458,465.4708145619614,18.93791192003981
44,10,10.0,2.4033198366015434,165.31541694140543,91.75297776140077,506.811768594968,0.0
44,11,11.0,1.471367960905344,163.49148187036985,94.49129386889463,532.862303161076,0.0
44,12,12.0,0.8907213236731495,162.3804482043056,96.15835525989556,548.9000171474448,0.0
44,13,13.0,0.5356430954654612,161.71010457857673,97.16417982349977,558.6402530656211,0.0
44,14,14.0,0.32085067420410346,161.30778465355434,97.76784677288957,564.5087669902478,0.0
45,0,0.0,0.3063872813278278,40.074449913851424,0.0,0.0,0.0
45,1,1.0,0.9710477385000931,39.52038939004859,0.832593744135565,0.020149145215065504,15.542064457057151
45,2,2.0,2.8673703566284905,53.36744526653026,3.3779087151822105,0.3319607594467233,15.542064457057151
45,3,3.0,7.046858746324074,64.35211927622696,10.219706249441249,4.840050097742647,15.542064457057151
45,4,4.0,12.448493522479493,70.49792546893379,24.32444117439637,37.22763182077773,15.542064457057151
45,5,5.0,15.421459467721402,72.3695174258485,44.844449257710394,135.4645679801362,15.542064457057151
45,6,6.0,14.806610508490897,73.17023293096793,66.9716773002369,291.11755823782335,15.542064457057151
45,7,7.0,12.055699633895673,75.72368988164274,86.46772175834175,458.2504146872876,15.542064457057151
45,8,8.0,8.63815829218846,81.33000359795925,101.38089352872747,600.27457637841,15.542064457057151
45,9,9.0,5.508287290823025,90.13709962355492,111.48928316097849,702.2558719071973,15.542064457057151
45,10,10.0,3.205664536775348,101.57360671338898,117.6508588456925,766.4237451753834,15.542064457057151
45,11,11.0,1.7739073548169193,114.78769637070094,121.14444206868384,803.4406636059047,0.0
45,12,12.0,0.9651118708443025,113.51341872578142,123.05873251795704,823.9094601441192,0.0
45,13,13.0,0.522853588108494,112.8208682856761,124.09801676069358,835.0737399361475,0.0
45,14,14.0,0.2826344165403858,112.44610620929328,124.66040877381819,841.1300797811032,0.0
46,0,0.0,0.8603317821272927,47.52093547713691,0.0,0.0,0.0
46,1,1.0,2.657787854684621,45.978468560365954,2.3161751624605578,0.13812371275568414,0.0
46,2,2.0,6.8699661835628865,41.6357295639201,8.837724749323543,3.5361512930365135,0.0
46,3,3.0,13.034781265600557,32.13581027044023,23.10716531501617,34.24311875240514,14.996362958142877
46,4,4.0,17.769984775737385,32.121564175904915,45.65764798255486,142.64087109693182,14.996362958142877
46,5,5.0,19.01883726341708,29.21319842700909,72.55844565895183,338.73438966837017,14.996362958142877
46,6,6.0,17.53524990899585,26.53855005536466,99.1127198777787,578.4298365798388,14.996362958142877
46,7,7.0,14.789367153510481,25.99784683938517,122.46304500586659,814.9318709621004,14.996362958142877
46,8,8.0,11.81054343933769,28.257938105782934,141.60304217664554,1022.3911797242665,0.0
46,9,9.0,9.108561281292486,18.271172616705186,156.6161913827091,1191.3159503849602,0.0
46,10,10.0,6.846858710309736,10.67621095872358,168.0489345845432,1321.1790473784172,0.0
46,11,11.0,5.026679127527871,5.047439484785379,176.54829092181762,1415.6163481254716,0.0
46,12,12.0,3.555275250643949,1.028475235928557,182.6960912496686,1475.2180916754598,0.0
46,13,13.0,2.2579807508321768,1.3316664969260948e-08,186.84095026705836,1483.237072542542,0.0
46,14,14.0,1.4051411505835822,1.1141031927505055e-10,189.4303138875247,1483.2370732276293,0.0
47,0,0.0,0.2496540939080389,24.054917471244227,0.0,0.0,0.0
47,1,1.0,0.7791477893171742,23.607980644015775,0.6718118404356296,0.02822190606730397,0.0
47,2,2.0,2.289223014143324,22.255271226098426,2.705339353181993,0.31613033868806295,13.367659345998709
47,3,3.0,5.8433933662290345,31.92836482853853,8.256963699504894,3.390753962228743,13.367659345998709
47,4,4.0,11.476592094471412,37.083532561479295,20.59320694831455,26.948954130505697,13.367659345998709
47,5,5.0,16.43837732874115,36.88006690345335,40.97712765530984,115.36298211089232,13.367659345998709
47,6,6.0,18.322014192944362,33.31964478404709,66.40533167128028,289.16905160657,13.367659345998709
47,7,7.0,17.392398140463886,29.398612894771773,92.37985021885798,514.6767558690141,13.367659345998709
47,8,8.0,14.975461349999785,27.18871244256516,115.78774974802243,745.9144511009334,13.367659345998709
47,9,9.0,12.141202221125084,27.56063882771994,135.31721896793738,953.8055295732615,0.0
47,10,10.0,9.470029371498626,17.236417741490794,150.83904789738457,1125.9459368265234,0.0
47,11,11.0,7.174917665452868,9.31070827877363,162.77380728732896,1259.5788042687236,0.0
47,12,12.0,5.278701670359216,3.412455471624423,171.69650335429907,1355.8041256827412,0.0
47,13,13.0,3.5767691895672376,-1.1096901327130022e-07,178.08156954275336,1397.0796733586371,0.0
47,14,14.0,2.235522697954301,1.7670002527360218e-09,182.19180178915792,1397.0796731910627,0.0
48,0,0.0,0.2128804390338667,73.89832749716368,0.0,0.0,0.0
48,1,1.0,0.6863153010349388,73.50928713545078,0.5839564259667791,0.005309140254163169,0.0
48,2,2.0,2.0853071146792397,72.29219180615294,2.410909872813422,0.12155084702138404,14.006338549874432
48,3,3.0,5.395175992047233,82.88990771109118,7.526220676461652,2.156996814312532,14.006338549874432
48,4,4.0,10.142553915218715,89.44647664497715,18.70730820612486,20.161415305573794,14.006338549874432
48,5,5.0,13.007975444245634,92.06892438636486,35.7925229875435,85.03751721472196,14.006338549874432
48,6,6.0,12.36549208310703,93.65867248871925,54.42744352973218,196.94193764733362,14.006338549874432
48,7,7.0,9.70220937035616,96.99708904124937,70.43774541230435,318.39992668552236,14.006338549874432
48,8,8.0,6.74569319705685,103.13589035471277,82.24497484266219,419.5308258284393,14.006338549874432
48,9,9.0,4.348288824630166,111.87739121334768,90.14469399648826,491.7595467099891,0.0
48,10,10.0,2.695961063245179,108.55392648057116,95.13153648886964,539.0281412204818,0.0
48,11,11.0,1.6433253601042803,106.51154238365059,98.19653695114292,568.6735879560855,0.0
48,12,12.0,0.9923888529876397,105.2724238946734,100.05609231829852,586.8694987147638,0.0
48,13,13.0,0.5961704783583277,104.52611302695485,101.17609221303341,597.9034049565934,0.0
48,14,14.0,0.3570786321009129,104.07844893682974,101.84791024847948,604.5484095882578,0.0
49,0,0.0,0.7799016229305283,76.92163080355526,0.0,0.0,0.0
49,1,1.0,2.430177750702484,75.51540162109497,2.110727560932849,0.08613963285047824,0.0
49,2,2.0,6.311476522329247,71.5299454674229,8.092978325533137,2.6142503229902743,0.0
49,3,3.0,12.004973268995604,62.78871112442284,21.214605405393428,27.240297576738364,0.0
49,4,4.0,16.632170881666596,48.858914621091635,42.128179560380794,119.6932545672364,18.200377112553184
49,5,5.0,18.110351481413037,50.121894409469256,67.55884274508486,296.0319090100266,18.200377112553184
49,6,6.0,16.753829007794174,51.435195517645234,92.91445893493938,518.1830614332489,18.200377112553184
49,7,7.0,13.965083172943308,54.838270529462726,115.13141379386013,739.2147367875273,18.200377112553184
49,8,8.0,10.725691386240838,61.185371444001106,132.9267736761597,929.7172012965357,18.200377112553184
49,9,9.0,7.4876329643992685,70.66025766811799,146.02503612126227,1076.2649169907513,18.200377112553184
49,10,10.0,4.554169384251009,83.12684173246632,154.63138537340947,1175.1578203389322,18.200377112553184
49,11,11.0,2.4098694981631783,98.06428640095383,159.52748956074964,1232.2901756145498,0.0
49,12,12.0,1.2163284927685556,96.38984450610823,162.0409385695299,1261.8514318635894,0.0
49,13,13.0,0.614561572915078,95.54413590066807,163.31016241901312,1276.831921830521,0.0
49,14,14.0,0.31075672046228753,95.1166792058246,163.9516837586693,1284.4170155033698,0.0
